tag	host	gpu	pid	start_utc	end_utc	secs	rc	status	artifact	log	cmd
van_s2	lux-2-node-16	2	1123637	2026-08-17T16:46:05Z				RUNNING	/work/mingze/Posthoc_differential_memory_diffsplit/out_cpt_20260817/van_s2.json	/work/mingze/Posthoc_differential_memory_diffsplit/out_cpt_20260817/logs/van_s2.log	/work/mingze/miniconda3/envs/deltamem/bin/python /work/mingze/Posthoc_differential_memory_diffsplit/scripts/cpt_train.py --tag van_s2 --data-dir /work/mingze/Posthoc_differential_memory_diffsplit/out_cpt_20260817 --out-dir /work/mingze/Posthoc_differential_memory_diffsplit/out_cpt_20260817 --arm vanilla --seed 2 --batch-size 2 --grad-accum 16 --total-tokens 800000000 --t0-tokens 600000000 --log-every 50 --eval-every 400
diffv2_s0	lux-2-node-16	3	1123638	2026-08-17T16:46:05Z				RUNNING	/work/mingze/Posthoc_differential_memory_diffsplit/out_cpt_20260817/diffv2_s0.json	/work/mingze/Posthoc_differential_memory_diffsplit/out_cpt_20260817/logs/diffv2_s0.log	/work/mingze/miniconda3/envs/deltamem/bin/python /work/mingze/Posthoc_differential_memory_diffsplit/scripts/cpt_train.py --tag diffv2_s0 --data-dir /work/mingze/Posthoc_differential_memory_diffsplit/out_cpt_20260817 --out-dir /work/mingze/Posthoc_differential_memory_diffsplit/out_cpt_20260817 --arm native_diffv2 --seed 0 --batch-size 2 --grad-accum 16 --total-tokens 800000000 --t0-tokens 600000000 --log-every 50 --eval-every 400
diffv2_s1	lux-2-node-16	4	1123640	2026-08-17T16:46:05Z				RUNNING	/work/mingze/Posthoc_differential_memory_diffsplit/out_cpt_20260817/diffv2_s1.json	/work/mingze/Posthoc_differential_memory_diffsplit/out_cpt_20260817/logs/diffv2_s1.log	/work/mingze/miniconda3/envs/deltamem/bin/python /work/mingze/Posthoc_differential_memory_diffsplit/scripts/cpt_train.py --tag diffv2_s1 --data-dir /work/mingze/Posthoc_differential_memory_diffsplit/out_cpt_20260817 --out-dir /work/mingze/Posthoc_differential_memory_diffsplit/out_cpt_20260817 --arm native_diffv2 --seed 1 --batch-size 2 --grad-accum 16 --total-tokens 800000000 --t0-tokens 600000000 --log-every 50 --eval-every 400
van_s1	lux-2-node-16	1	1123639	2026-08-17T16:46:05Z				RUNNING	/work/mingze/Posthoc_differential_memory_diffsplit/out_cpt_20260817/van_s1.json	/work/mingze/Posthoc_differential_memory_diffsplit/out_cpt_20260817/logs/van_s1.log	/work/mingze/miniconda3/envs/deltamem/bin/python /work/mingze/Posthoc_differential_memory_diffsplit/scripts/cpt_train.py --tag van_s1 --data-dir /work/mingze/Posthoc_differential_memory_diffsplit/out_cpt_20260817 --out-dir /work/mingze/Posthoc_differential_memory_diffsplit/out_cpt_20260817 --arm vanilla --seed 1 --batch-size 2 --grad-accum 16 --total-tokens 800000000 --t0-tokens 600000000 --log-every 50 --eval-every 400
van_s0	lux-2-node-16	0	1123642	2026-08-17T16:46:05Z				RUNNING	/work/mingze/Posthoc_differential_memory_diffsplit/out_cpt_20260817/van_s0.json	/work/mingze/Posthoc_differential_memory_diffsplit/out_cpt_20260817/logs/van_s0.log	/work/mingze/miniconda3/envs/deltamem/bin/python /work/mingze/Posthoc_differential_memory_diffsplit/scripts/cpt_train.py --tag van_s0 --data-dir /work/mingze/Posthoc_differential_memory_diffsplit/out_cpt_20260817 --out-dir /work/mingze/Posthoc_differential_memory_diffsplit/out_cpt_20260817 --arm vanilla --seed 0 --batch-size 2 --grad-accum 16 --total-tokens 800000000 --t0-tokens 600000000 --log-every 50 --eval-every 400
diffv2_s2	lux-2-node-16	5	1123647	2026-08-17T16:46:05Z				RUNNING	/work/mingze/Posthoc_differential_memory_diffsplit/out_cpt_20260817/diffv2_s2.json	/work/mingze/Posthoc_differential_memory_diffsplit/out_cpt_20260817/logs/diffv2_s2.log	/work/mingze/miniconda3/envs/deltamem/bin/python /work/mingze/Posthoc_differential_memory_diffsplit/scripts/cpt_train.py --tag diffv2_s2 --data-dir /work/mingze/Posthoc_differential_memory_diffsplit/out_cpt_20260817 --out-dir /work/mingze/Posthoc_differential_memory_diffsplit/out_cpt_20260817 --arm native_diffv2 --seed 2 --batch-size 2 --grad-accum 16 --total-tokens 800000000 --t0-tokens 600000000 --log-every 50 --eval-every 400
diffv2_s3	lux-2-node-16	7	1168467	2026-08-17T17:20:31Z				RUNNING	/work/mingze/Posthoc_differential_memory_diffsplit/out_cpt_20260817/diffv2_s3.json	/work/mingze/Posthoc_differential_memory_diffsplit/out_cpt_20260817/logs/diffv2_s3.log	/work/mingze/miniconda3/envs/deltamem/bin/python /work/mingze/Posthoc_differential_memory_diffsplit/scripts/cpt_train.py --tag diffv2_s3 --data-dir /work/mingze/Posthoc_differential_memory_diffsplit/out_cpt_20260817 --out-dir /work/mingze/Posthoc_differential_memory_diffsplit/out_cpt_20260817 --arm native_diffv2 --seed 3 --batch-size 2 --grad-accum 16 --total-tokens 800000000 --t0-tokens 600000000 --log-every 50 --eval-every 400
van_s3	lux-2-node-16	6	1168468	2026-08-17T17:20:31Z				RUNNING	/work/mingze/Posthoc_differential_memory_diffsplit/out_cpt_20260817/van_s3.json	/work/mingze/Posthoc_differential_memory_diffsplit/out_cpt_20260817/logs/van_s3.log	/work/mingze/miniconda3/envs/deltamem/bin/python /work/mingze/Posthoc_differential_memory_diffsplit/scripts/cpt_train.py --tag van_s3 --data-dir /work/mingze/Posthoc_differential_memory_diffsplit/out_cpt_20260817 --out-dir /work/mingze/Posthoc_differential_memory_diffsplit/out_cpt_20260817 --arm vanilla --seed 3 --batch-size 2 --grad-accum 16 --total-tokens 800000000 --t0-tokens 600000000 --log-every 50 --eval-every 400
van_s3	lux-2-node-16	6	1168468	2026-08-17T17:20:31Z	2026-08-17T17:20:37Z	6	1	FAILED(rc=1)	/work/mingze/Posthoc_differential_memory_diffsplit/out_cpt_20260817/van_s3.json	/work/mingze/Posthoc_differential_memory_diffsplit/out_cpt_20260817/logs/van_s3.log	/work/mingze/miniconda3/envs/deltamem/bin/python /work/mingze/Posthoc_differential_memory_diffsplit/scripts/cpt_train.py --tag van_s3 --data-dir /work/mingze/Posthoc_differential_memory_diffsplit/out_cpt_20260817 --out-dir /work/mingze/Posthoc_differential_memory_diffsplit/out_cpt_20260817 --arm vanilla --seed 3 --batch-size 2 --grad-accum 16 --total-tokens 800000000 --t0-tokens 600000000 --log-every 50 --eval-every 400
diffv2_s3	lux-2-node-16	7	1168467	2026-08-17T17:20:31Z	2026-08-17T17:20:38Z	7	1	FAILED(rc=1)	/work/mingze/Posthoc_differential_memory_diffsplit/out_cpt_20260817/diffv2_s3.json	/work/mingze/Posthoc_differential_memory_diffsplit/out_cpt_20260817/logs/diffv2_s3.log	/work/mingze/miniconda3/envs/deltamem/bin/python /work/mingze/Posthoc_differential_memory_diffsplit/scripts/cpt_train.py --tag diffv2_s3 --data-dir /work/mingze/Posthoc_differential_memory_diffsplit/out_cpt_20260817 --out-dir /work/mingze/Posthoc_differential_memory_diffsplit/out_cpt_20260817 --arm native_diffv2 --seed 3 --batch-size 2 --grad-accum 16 --total-tokens 800000000 --t0-tokens 600000000 --log-every 50 --eval-every 400
diffv2_s2	lux-2-node-16	5	1123647	2026-08-17T16:46:05Z	2026-08-17T18:04:54Z	4729	143	FAILED(rc=143)	/work/mingze/Posthoc_differential_memory_diffsplit/out_cpt_20260817/diffv2_s2.json	/work/mingze/Posthoc_differential_memory_diffsplit/out_cpt_20260817/logs/diffv2_s2.log	/work/mingze/miniconda3/envs/deltamem/bin/python /work/mingze/Posthoc_differential_memory_diffsplit/scripts/cpt_train.py --tag diffv2_s2 --data-dir /work/mingze/Posthoc_differential_memory_diffsplit/out_cpt_20260817 --out-dir /work/mingze/Posthoc_differential_memory_diffsplit/out_cpt_20260817 --arm native_diffv2 --seed 2 --batch-size 2 --grad-accum 16 --total-tokens 800000000 --t0-tokens 600000000 --log-every 50 --eval-every 400
diffv2_s1	lux-2-node-16	4	1123640	2026-08-17T16:46:05Z	2026-08-17T18:04:54Z	4729	143	FAILED(rc=143)	/work/mingze/Posthoc_differential_memory_diffsplit/out_cpt_20260817/diffv2_s1.json	/work/mingze/Posthoc_differential_memory_diffsplit/out_cpt_20260817/logs/diffv2_s1.log	/work/mingze/miniconda3/envs/deltamem/bin/python /work/mingze/Posthoc_differential_memory_diffsplit/scripts/cpt_train.py --tag diffv2_s1 --data-dir /work/mingze/Posthoc_differential_memory_diffsplit/out_cpt_20260817 --out-dir /work/mingze/Posthoc_differential_memory_diffsplit/out_cpt_20260817 --arm native_diffv2 --seed 1 --batch-size 2 --grad-accum 16 --total-tokens 800000000 --t0-tokens 600000000 --log-every 50 --eval-every 400
diffv2_s1	lux-2-node-16	4	1123640		2026-08-17T18:05:06Z			KILLED(freed for user peng)			
diffv2_s2	lux-2-node-16	5	1123647		2026-08-17T18:05:06Z			KILLED(freed for user peng)			
van_s0	lux-2-node-16	0	1123642	2026-08-17T16:46:05Z	2026-08-17T18:54:14Z	7689	0	DONE(rc=0) nll=3.6113	/work/mingze/Posthoc_differential_memory_diffsplit/out_cpt_20260817/van_s0.json	/work/mingze/Posthoc_differential_memory_diffsplit/out_cpt_20260817/logs/van_s0.log	/work/mingze/miniconda3/envs/deltamem/bin/python /work/mingze/Posthoc_differential_memory_diffsplit/scripts/cpt_train.py --tag van_s0 --data-dir /work/mingze/Posthoc_differential_memory_diffsplit/out_cpt_20260817 --out-dir /work/mingze/Posthoc_differential_memory_diffsplit/out_cpt_20260817 --arm vanilla --seed 0 --batch-size 2 --grad-accum 16 --total-tokens 800000000 --t0-tokens 600000000 --log-every 50 --eval-every 400
van_s1	lux-2-node-16	1	1123639	2026-08-17T16:46:05Z	2026-08-17T18:54:18Z	7693	0	DONE(rc=0) nll=3.6056	/work/mingze/Posthoc_differential_memory_diffsplit/out_cpt_20260817/van_s1.json	/work/mingze/Posthoc_differential_memory_diffsplit/out_cpt_20260817/logs/van_s1.log	/work/mingze/miniconda3/envs/deltamem/bin/python /work/mingze/Posthoc_differential_memory_diffsplit/scripts/cpt_train.py --tag van_s1 --data-dir /work/mingze/Posthoc_differential_memory_diffsplit/out_cpt_20260817 --out-dir /work/mingze/Posthoc_differential_memory_diffsplit/out_cpt_20260817 --arm vanilla --seed 1 --batch-size 2 --grad-accum 16 --total-tokens 800000000 --t0-tokens 600000000 --log-every 50 --eval-every 400
van_s2	lux-2-node-16	2	1123637	2026-08-17T16:46:05Z	2026-08-17T18:54:31Z	7706	0	DONE(rc=0) nll=3.6012	/work/mingze/Posthoc_differential_memory_diffsplit/out_cpt_20260817/van_s2.json	/work/mingze/Posthoc_differential_memory_diffsplit/out_cpt_20260817/logs/van_s2.log	/work/mingze/miniconda3/envs/deltamem/bin/python /work/mingze/Posthoc_differential_memory_diffsplit/scripts/cpt_train.py --tag van_s2 --data-dir /work/mingze/Posthoc_differential_memory_diffsplit/out_cpt_20260817 --out-dir /work/mingze/Posthoc_differential_memory_diffsplit/out_cpt_20260817 --arm vanilla --seed 2 --batch-size 2 --grad-accum 16 --total-tokens 800000000 --t0-tokens 600000000 --log-every 50 --eval-every 400
diffv2_s2	lux-2-node-16	1	1660584	2026-08-17T19:07:29Z				RUNNING	/work/mingze/Posthoc_differential_memory_diffsplit/out_cpt_20260817/diffv2_s2.json	/work/mingze/Posthoc_differential_memory_diffsplit/out_cpt_20260817/logs/diffv2_s2.log	/work/mingze/miniconda3/envs/deltamem/bin/python /work/mingze/Posthoc_differential_memory_diffsplit/scripts/cpt_train.py --tag diffv2_s2 --data-dir /work/mingze/Posthoc_differential_memory_diffsplit/out_cpt_20260817 --out-dir /work/mingze/Posthoc_differential_memory_diffsplit/out_cpt_20260817 --arm native_diffv2 --seed 2 --batch-size 2 --grad-accum 16 --total-tokens 800000000 --t0-tokens 600000000 --log-every 50 --eval-every 400
diffv2_s1	lux-2-node-16	0	1660586	2026-08-17T19:07:29Z				RUNNING	/work/mingze/Posthoc_differential_memory_diffsplit/out_cpt_20260817/diffv2_s1.json	/work/mingze/Posthoc_differential_memory_diffsplit/out_cpt_20260817/logs/diffv2_s1.log	/work/mingze/miniconda3/envs/deltamem/bin/python /work/mingze/Posthoc_differential_memory_diffsplit/scripts/cpt_train.py --tag diffv2_s1 --data-dir /work/mingze/Posthoc_differential_memory_diffsplit/out_cpt_20260817 --out-dir /work/mingze/Posthoc_differential_memory_diffsplit/out_cpt_20260817 --arm native_diffv2 --seed 1 --batch-size 2 --grad-accum 16 --total-tokens 800000000 --t0-tokens 600000000 --log-every 50 --eval-every 400
diffv2_s0	lux-2-node-16	3	1123638	2026-08-17T16:46:05Z	2026-08-17T19:11:58Z	8753	0	DONE(rc=0) nll=3.6045	/work/mingze/Posthoc_differential_memory_diffsplit/out_cpt_20260817/diffv2_s0.json	/work/mingze/Posthoc_differential_memory_diffsplit/out_cpt_20260817/logs/diffv2_s0.log	/work/mingze/miniconda3/envs/deltamem/bin/python /work/mingze/Posthoc_differential_memory_diffsplit/scripts/cpt_train.py --tag diffv2_s0 --data-dir /work/mingze/Posthoc_differential_memory_diffsplit/out_cpt_20260817 --out-dir /work/mingze/Posthoc_differential_memory_diffsplit/out_cpt_20260817 --arm native_diffv2 --seed 0 --batch-size 2 --grad-accum 16 --total-tokens 800000000 --t0-tokens 600000000 --log-every 50 --eval-every 400
vanilla_continue_s0	lux-2-node-16	2	1670450	2026-08-17T19:12:30Z				RUNNING	/work/mingze/Posthoc_differential_memory_diffsplit/out_cpt_20260817/vanilla_continue_s0.json	/work/mingze/Posthoc_differential_memory_diffsplit/out_cpt_20260817/logs/vanilla_continue_s0.log	CUDA_VISIBLE_DEVICES=2 /work/mingze/miniconda3/envs/deltamem/bin/python /work/mingze/Posthoc_differential_memory_diffsplit/scripts/cpt_train.py --tag vanilla_continue_s0 --data-dir /work/mingze/Posthoc_differential_memory_diffsplit/out_cpt_20260817 --out-dir /work/mingze/Posthoc_differential_memory_diffsplit/out_cpt_20260817 --arm vanilla_continue --seed 0 --init-from /work/mingze/Posthoc_differential_memory_diffsplit/out_cpt_20260817/van_s0_T0.pt --init-sha256 7cce788e0caf1337e5ec9f9484e225d3675cb35e467f1fe84d9ef241f1de6c1a --batch-size 1 --grad-accum 32 --continue-tokens 200000000 --log-every 50 --eval-every 500
lowrank_s0	lux-2-node-16	3	1670451	2026-08-17T19:12:30Z				RUNNING	/work/mingze/Posthoc_differential_memory_diffsplit/out_cpt_20260817/lowrank_s0.json	/work/mingze/Posthoc_differential_memory_diffsplit/out_cpt_20260817/logs/lowrank_s0.log	CUDA_VISIBLE_DEVICES=3 /work/mingze/miniconda3/envs/deltamem/bin/python /work/mingze/Posthoc_differential_memory_diffsplit/scripts/cpt_train.py --tag lowrank_s0 --data-dir /work/mingze/Posthoc_differential_memory_diffsplit/out_cpt_20260817 --out-dir /work/mingze/Posthoc_differential_memory_diffsplit/out_cpt_20260817 --arm lowrank --seed 0 --init-from /work/mingze/Posthoc_differential_memory_diffsplit/out_cpt_20260817/van_s0_T0.pt --init-sha256 7cce788e0caf1337e5ec9f9484e225d3675cb35e467f1fe84d9ef241f1de6c1a --batch-size 1 --grad-accum 32 --continue-tokens 200000000 --log-every 50 --eval-every 500 --rank 96
lowrank_s0	lux-2-node-16	3	1670451	2026-08-17T19:12:30Z	2026-08-17T19:47:01Z	2071	0	DONE(rc=0) nll=3.6785	/work/mingze/Posthoc_differential_memory_diffsplit/out_cpt_20260817/lowrank_s0.json	/work/mingze/Posthoc_differential_memory_diffsplit/out_cpt_20260817/logs/lowrank_s0.log	CUDA_VISIBLE_DEVICES=3 /work/mingze/miniconda3/envs/deltamem/bin/python /work/mingze/Posthoc_differential_memory_diffsplit/scripts/cpt_train.py --tag lowrank_s0 --data-dir /work/mingze/Posthoc_differential_memory_diffsplit/out_cpt_20260817 --out-dir /work/mingze/Posthoc_differential_memory_diffsplit/out_cpt_20260817 --arm lowrank --seed 0 --init-from /work/mingze/Posthoc_differential_memory_diffsplit/out_cpt_20260817/van_s0_T0.pt --init-sha256 7cce788e0caf1337e5ec9f9484e225d3675cb35e467f1fe84d9ef241f1de6c1a --batch-size 1 --grad-accum 32 --continue-tokens 200000000 --log-every 50 --eval-every 500 --rank 96
additive_s0	lux-2-node-16	3	1935315	2026-08-17T19:47:01Z				RUNNING	/work/mingze/Posthoc_differential_memory_diffsplit/out_cpt_20260817/additive_s0.json	/work/mingze/Posthoc_differential_memory_diffsplit/out_cpt_20260817/logs/additive_s0.log	CUDA_VISIBLE_DEVICES=3 /work/mingze/miniconda3/envs/deltamem/bin/python /work/mingze/Posthoc_differential_memory_diffsplit/scripts/cpt_train.py --tag additive_s0 --data-dir /work/mingze/Posthoc_differential_memory_diffsplit/out_cpt_20260817 --out-dir /work/mingze/Posthoc_differential_memory_diffsplit/out_cpt_20260817 --arm additive --seed 0 --init-from /work/mingze/Posthoc_differential_memory_diffsplit/out_cpt_20260817/van_s0_T0.pt --init-sha256 7cce788e0caf1337e5ec9f9484e225d3675cb35e467f1fe84d9ef241f1de6c1a --batch-size 1 --grad-accum 32 --continue-tokens 200000000 --log-every 50 --eval-every 500 --read-dim 64 --window 256
vanilla_continue_s0	lux-2-node-16	2	1670450	2026-08-17T19:12:30Z	2026-08-17T19:48:21Z	2151	0	DONE(rc=0) nll=3.6096	/work/mingze/Posthoc_differential_memory_diffsplit/out_cpt_20260817/vanilla_continue_s0.json	/work/mingze/Posthoc_differential_memory_diffsplit/out_cpt_20260817/logs/vanilla_continue_s0.log	CUDA_VISIBLE_DEVICES=2 /work/mingze/miniconda3/envs/deltamem/bin/python /work/mingze/Posthoc_differential_memory_diffsplit/scripts/cpt_train.py --tag vanilla_continue_s0 --data-dir /work/mingze/Posthoc_differential_memory_diffsplit/out_cpt_20260817 --out-dir /work/mingze/Posthoc_differential_memory_diffsplit/out_cpt_20260817 --arm vanilla_continue --seed 0 --init-from /work/mingze/Posthoc_differential_memory_diffsplit/out_cpt_20260817/van_s0_T0.pt --init-sha256 7cce788e0caf1337e5ec9f9484e225d3675cb35e467f1fe84d9ef241f1de6c1a --batch-size 1 --grad-accum 32 --continue-tokens 200000000 --log-every 50 --eval-every 500
localreader_s0	lux-2-node-16	2	1937030	2026-08-17T19:48:21Z				RUNNING	/work/mingze/Posthoc_differential_memory_diffsplit/out_cpt_20260817/localreader_s0.json	/work/mingze/Posthoc_differential_memory_diffsplit/out_cpt_20260817/logs/localreader_s0.log	CUDA_VISIBLE_DEVICES=2 /work/mingze/miniconda3/envs/deltamem/bin/python /work/mingze/Posthoc_differential_memory_diffsplit/scripts/cpt_train.py --tag localreader_s0 --data-dir /work/mingze/Posthoc_differential_memory_diffsplit/out_cpt_20260817 --out-dir /work/mingze/Posthoc_differential_memory_diffsplit/out_cpt_20260817 --arm localreader --seed 0 --init-from /work/mingze/Posthoc_differential_memory_diffsplit/out_cpt_20260817/van_s0_T0.pt --init-sha256 7cce788e0caf1337e5ec9f9484e225d3675cb35e467f1fe84d9ef241f1de6c1a --batch-size 1 --grad-accum 32 --continue-tokens 200000000 --log-every 50 --eval-every 500 --read-dim 64 --window 256
additive_s0	lux-2-node-16	3	1935315	2026-08-17T19:47:01Z	2026-08-17T20:24:34Z	2252	0	DONE(rc=0) nll=3.6785	/work/mingze/Posthoc_differential_memory_diffsplit/out_cpt_20260817/additive_s0.json	/work/mingze/Posthoc_differential_memory_diffsplit/out_cpt_20260817/logs/additive_s0.log	CUDA_VISIBLE_DEVICES=3 /work/mingze/miniconda3/envs/deltamem/bin/python /work/mingze/Posthoc_differential_memory_diffsplit/scripts/cpt_train.py --tag additive_s0 --data-dir /work/mingze/Posthoc_differential_memory_diffsplit/out_cpt_20260817 --out-dir /work/mingze/Posthoc_differential_memory_diffsplit/out_cpt_20260817 --arm additive --seed 0 --init-from /work/mingze/Posthoc_differential_memory_diffsplit/out_cpt_20260817/van_s0_T0.pt --init-sha256 7cce788e0caf1337e5ec9f9484e225d3675cb35e467f1fe84d9ef241f1de6c1a --batch-size 1 --grad-accum 32 --continue-tokens 200000000 --log-every 50 --eval-every 500 --read-dim 64 --window 256
lowrank_unfreeze_s0	lux-2-node-16	3	2412441	2026-08-17T20:24:34Z				RUNNING	/work/mingze/Posthoc_differential_memory_diffsplit/out_cpt_20260817/lowrank_unfreeze_s0.json	/work/mingze/Posthoc_differential_memory_diffsplit/out_cpt_20260817/logs/lowrank_unfreeze_s0.log	CUDA_VISIBLE_DEVICES=3 /work/mingze/miniconda3/envs/deltamem/bin/python /work/mingze/Posthoc_differential_memory_diffsplit/scripts/cpt_train.py --tag lowrank_unfreeze_s0 --data-dir /work/mingze/Posthoc_differential_memory_diffsplit/out_cpt_20260817 --out-dir /work/mingze/Posthoc_differential_memory_diffsplit/out_cpt_20260817 --arm lowrank_unfreeze --seed 0 --init-from /work/mingze/Posthoc_differential_memory_diffsplit/out_cpt_20260817/van_s0_T0.pt --init-sha256 7cce788e0caf1337e5ec9f9484e225d3675cb35e467f1fe84d9ef241f1de6c1a --batch-size 1 --grad-accum 32 --continue-tokens 200000000 --log-every 50 --eval-every 500 --rank 96 --stage1-frac 0.15 --backbone-lr 1e-5
localreader_s0	lux-2-node-16	2	1937030	2026-08-17T19:48:21Z	2026-08-17T20:27:14Z	2332	0	DONE(rc=0) nll=3.6828	/work/mingze/Posthoc_differential_memory_diffsplit/out_cpt_20260817/localreader_s0.json	/work/mingze/Posthoc_differential_memory_diffsplit/out_cpt_20260817/logs/localreader_s0.log	CUDA_VISIBLE_DEVICES=2 /work/mingze/miniconda3/envs/deltamem/bin/python /work/mingze/Posthoc_differential_memory_diffsplit/scripts/cpt_train.py --tag localreader_s0 --data-dir /work/mingze/Posthoc_differential_memory_diffsplit/out_cpt_20260817 --out-dir /work/mingze/Posthoc_differential_memory_diffsplit/out_cpt_20260817 --arm localreader --seed 0 --init-from /work/mingze/Posthoc_differential_memory_diffsplit/out_cpt_20260817/van_s0_T0.pt --init-sha256 7cce788e0caf1337e5ec9f9484e225d3675cb35e467f1fe84d9ef241f1de6c1a --batch-size 1 --grad-accum 32 --continue-tokens 200000000 --log-every 50 --eval-every 500 --read-dim 64 --window 256
vanilla_continue_s1	lux-2-node-16	2	2416887	2026-08-17T20:27:14Z				RUNNING	/work/mingze/Posthoc_differential_memory_diffsplit/out_cpt_20260817/vanilla_continue_s1.json	/work/mingze/Posthoc_differential_memory_diffsplit/out_cpt_20260817/logs/vanilla_continue_s1.log	CUDA_VISIBLE_DEVICES=2 /work/mingze/miniconda3/envs/deltamem/bin/python /work/mingze/Posthoc_differential_memory_diffsplit/scripts/cpt_train.py --tag vanilla_continue_s1 --data-dir /work/mingze/Posthoc_differential_memory_diffsplit/out_cpt_20260817 --out-dir /work/mingze/Posthoc_differential_memory_diffsplit/out_cpt_20260817 --arm vanilla_continue --seed 1 --init-from /work/mingze/Posthoc_differential_memory_diffsplit/out_cpt_20260817/van_s1_T0.pt --init-sha256 2bf90930f8e8910c8f32e72deb479d09edda20203235123a743adfd9863cc1cf --batch-size 1 --grad-accum 32 --continue-tokens 200000000 --log-every 50 --eval-every 500
lowrank_unfreeze_s0	lux-2-node-16	3	2412441	2026-08-17T20:24:34Z	2026-08-17T21:00:06Z	2132	0	DONE(rc=0) nll=3.6738	/work/mingze/Posthoc_differential_memory_diffsplit/out_cpt_20260817/lowrank_unfreeze_s0.json	/work/mingze/Posthoc_differential_memory_diffsplit/out_cpt_20260817/logs/lowrank_unfreeze_s0.log	CUDA_VISIBLE_DEVICES=3 /work/mingze/miniconda3/envs/deltamem/bin/python /work/mingze/Posthoc_differential_memory_diffsplit/scripts/cpt_train.py --tag lowrank_unfreeze_s0 --data-dir /work/mingze/Posthoc_differential_memory_diffsplit/out_cpt_20260817 --out-dir /work/mingze/Posthoc_differential_memory_diffsplit/out_cpt_20260817 --arm lowrank_unfreeze --seed 0 --init-from /work/mingze/Posthoc_differential_memory_diffsplit/out_cpt_20260817/van_s0_T0.pt --init-sha256 7cce788e0caf1337e5ec9f9484e225d3675cb35e467f1fe84d9ef241f1de6c1a --batch-size 1 --grad-accum 32 --continue-tokens 200000000 --log-every 50 --eval-every 500 --rank 96 --stage1-frac 0.15 --backbone-lr 1e-5
lowrank_s1	lux-2-node-16	3	2465399	2026-08-17T21:00:06Z				RUNNING	/work/mingze/Posthoc_differential_memory_diffsplit/out_cpt_20260817/lowrank_s1.json	/work/mingze/Posthoc_differential_memory_diffsplit/out_cpt_20260817/logs/lowrank_s1.log	CUDA_VISIBLE_DEVICES=3 /work/mingze/miniconda3/envs/deltamem/bin/python /work/mingze/Posthoc_differential_memory_diffsplit/scripts/cpt_train.py --tag lowrank_s1 --data-dir /work/mingze/Posthoc_differential_memory_diffsplit/out_cpt_20260817 --out-dir /work/mingze/Posthoc_differential_memory_diffsplit/out_cpt_20260817 --arm lowrank --seed 1 --init-from /work/mingze/Posthoc_differential_memory_diffsplit/out_cpt_20260817/van_s1_T0.pt --init-sha256 2bf90930f8e8910c8f32e72deb479d09edda20203235123a743adfd9863cc1cf --batch-size 1 --grad-accum 32 --continue-tokens 200000000 --log-every 50 --eval-every 500 --rank 96
vanilla_continue_s1	lux-2-node-16	2	2416887	2026-08-17T20:27:14Z	2026-08-17T21:03:36Z	2182	0	DONE(rc=0) nll=3.6059	/work/mingze/Posthoc_differential_memory_diffsplit/out_cpt_20260817/vanilla_continue_s1.json	/work/mingze/Posthoc_differential_memory_diffsplit/out_cpt_20260817/logs/vanilla_continue_s1.log	CUDA_VISIBLE_DEVICES=2 /work/mingze/miniconda3/envs/deltamem/bin/python /work/mingze/Posthoc_differential_memory_diffsplit/scripts/cpt_train.py --tag vanilla_continue_s1 --data-dir /work/mingze/Posthoc_differential_memory_diffsplit/out_cpt_20260817 --out-dir /work/mingze/Posthoc_differential_memory_diffsplit/out_cpt_20260817 --arm vanilla_continue --seed 1 --init-from /work/mingze/Posthoc_differential_memory_diffsplit/out_cpt_20260817/van_s1_T0.pt --init-sha256 2bf90930f8e8910c8f32e72deb479d09edda20203235123a743adfd9863cc1cf --batch-size 1 --grad-accum 32 --continue-tokens 200000000 --log-every 50 --eval-every 500
additive_s1	lux-2-node-16	2	2470669	2026-08-17T21:03:36Z				RUNNING	/work/mingze/Posthoc_differential_memory_diffsplit/out_cpt_20260817/additive_s1.json	/work/mingze/Posthoc_differential_memory_diffsplit/out_cpt_20260817/logs/additive_s1.log	CUDA_VISIBLE_DEVICES=2 /work/mingze/miniconda3/envs/deltamem/bin/python /work/mingze/Posthoc_differential_memory_diffsplit/scripts/cpt_train.py --tag additive_s1 --data-dir /work/mingze/Posthoc_differential_memory_diffsplit/out_cpt_20260817 --out-dir /work/mingze/Posthoc_differential_memory_diffsplit/out_cpt_20260817 --arm additive --seed 1 --init-from /work/mingze/Posthoc_differential_memory_diffsplit/out_cpt_20260817/van_s1_T0.pt --init-sha256 2bf90930f8e8910c8f32e72deb479d09edda20203235123a743adfd9863cc1cf --batch-size 1 --grad-accum 32 --continue-tokens 200000000 --log-every 50 --eval-every 500 --read-dim 64 --window 256
diffv2_s2	lux-2-node-16	1	1660584	2026-08-17T19:07:29Z	2026-08-17T21:31:00Z	8611	0	DONE(rc=0) nll=3.5935	/work/mingze/Posthoc_differential_memory_diffsplit/out_cpt_20260817/diffv2_s2.json	/work/mingze/Posthoc_differential_memory_diffsplit/out_cpt_20260817/logs/diffv2_s2.log	/work/mingze/miniconda3/envs/deltamem/bin/python /work/mingze/Posthoc_differential_memory_diffsplit/scripts/cpt_train.py --tag diffv2_s2 --data-dir /work/mingze/Posthoc_differential_memory_diffsplit/out_cpt_20260817 --out-dir /work/mingze/Posthoc_differential_memory_diffsplit/out_cpt_20260817 --arm native_diffv2 --seed 2 --batch-size 2 --grad-accum 16 --total-tokens 800000000 --t0-tokens 600000000 --log-every 50 --eval-every 400
diffv2_s1	lux-2-node-16	0	1660586	2026-08-17T19:07:29Z	2026-08-17T21:31:52Z	8663	0	DONE(rc=0) nll=3.6057	/work/mingze/Posthoc_differential_memory_diffsplit/out_cpt_20260817/diffv2_s1.json	/work/mingze/Posthoc_differential_memory_diffsplit/out_cpt_20260817/logs/diffv2_s1.log	/work/mingze/miniconda3/envs/deltamem/bin/python /work/mingze/Posthoc_differential_memory_diffsplit/scripts/cpt_train.py --tag diffv2_s1 --data-dir /work/mingze/Posthoc_differential_memory_diffsplit/out_cpt_20260817 --out-dir /work/mingze/Posthoc_differential_memory_diffsplit/out_cpt_20260817 --arm native_diffv2 --seed 1 --batch-size 2 --grad-accum 16 --total-tokens 800000000 --t0-tokens 600000000 --log-every 50 --eval-every 400
lowrank_s1	lux-2-node-16	3	2465399	2026-08-17T21:00:06Z	2026-08-17T21:34:38Z	2072	0	DONE(rc=0) nll=3.6721	/work/mingze/Posthoc_differential_memory_diffsplit/out_cpt_20260817/lowrank_s1.json	/work/mingze/Posthoc_differential_memory_diffsplit/out_cpt_20260817/logs/lowrank_s1.log	CUDA_VISIBLE_DEVICES=3 /work/mingze/miniconda3/envs/deltamem/bin/python /work/mingze/Posthoc_differential_memory_diffsplit/scripts/cpt_train.py --tag lowrank_s1 --data-dir /work/mingze/Posthoc_differential_memory_diffsplit/out_cpt_20260817 --out-dir /work/mingze/Posthoc_differential_memory_diffsplit/out_cpt_20260817 --arm lowrank --seed 1 --init-from /work/mingze/Posthoc_differential_memory_diffsplit/out_cpt_20260817/van_s1_T0.pt --init-sha256 2bf90930f8e8910c8f32e72deb479d09edda20203235123a743adfd9863cc1cf --batch-size 1 --grad-accum 32 --continue-tokens 200000000 --log-every 50 --eval-every 500 --rank 96
localreader_s1	lux-2-node-16	3	2513700	2026-08-17T21:34:38Z				RUNNING	/work/mingze/Posthoc_differential_memory_diffsplit/out_cpt_20260817/localreader_s1.json	/work/mingze/Posthoc_differential_memory_diffsplit/out_cpt_20260817/logs/localreader_s1.log	CUDA_VISIBLE_DEVICES=3 /work/mingze/miniconda3/envs/deltamem/bin/python /work/mingze/Posthoc_differential_memory_diffsplit/scripts/cpt_train.py --tag localreader_s1 --data-dir /work/mingze/Posthoc_differential_memory_diffsplit/out_cpt_20260817 --out-dir /work/mingze/Posthoc_differential_memory_diffsplit/out_cpt_20260817 --arm localreader --seed 1 --init-from /work/mingze/Posthoc_differential_memory_diffsplit/out_cpt_20260817/van_s1_T0.pt --init-sha256 2bf90930f8e8910c8f32e72deb479d09edda20203235123a743adfd9863cc1cf --batch-size 1 --grad-accum 32 --continue-tokens 200000000 --log-every 50 --eval-every 500 --read-dim 64 --window 256
additive_s1	lux-2-node-16	2	2470669	2026-08-17T21:03:36Z	2026-08-17T21:41:18Z	2262	0	DONE(rc=0) nll=3.6717	/work/mingze/Posthoc_differential_memory_diffsplit/out_cpt_20260817/additive_s1.json	/work/mingze/Posthoc_differential_memory_diffsplit/out_cpt_20260817/logs/additive_s1.log	CUDA_VISIBLE_DEVICES=2 /work/mingze/miniconda3/envs/deltamem/bin/python /work/mingze/Posthoc_differential_memory_diffsplit/scripts/cpt_train.py --tag additive_s1 --data-dir /work/mingze/Posthoc_differential_memory_diffsplit/out_cpt_20260817 --out-dir /work/mingze/Posthoc_differential_memory_diffsplit/out_cpt_20260817 --arm additive --seed 1 --init-from /work/mingze/Posthoc_differential_memory_diffsplit/out_cpt_20260817/van_s1_T0.pt --init-sha256 2bf90930f8e8910c8f32e72deb479d09edda20203235123a743adfd9863cc1cf --batch-size 1 --grad-accum 32 --continue-tokens 200000000 --log-every 50 --eval-every 500 --read-dim 64 --window 256
lowrank_unfreeze_s1	lux-2-node-16	2	2524391	2026-08-17T21:41:18Z				RUNNING	/work/mingze/Posthoc_differential_memory_diffsplit/out_cpt_20260817/lowrank_unfreeze_s1.json	/work/mingze/Posthoc_differential_memory_diffsplit/out_cpt_20260817/logs/lowrank_unfreeze_s1.log	CUDA_VISIBLE_DEVICES=2 /work/mingze/miniconda3/envs/deltamem/bin/python /work/mingze/Posthoc_differential_memory_diffsplit/scripts/cpt_train.py --tag lowrank_unfreeze_s1 --data-dir /work/mingze/Posthoc_differential_memory_diffsplit/out_cpt_20260817 --out-dir /work/mingze/Posthoc_differential_memory_diffsplit/out_cpt_20260817 --arm lowrank_unfreeze --seed 1 --init-from /work/mingze/Posthoc_differential_memory_diffsplit/out_cpt_20260817/van_s1_T0.pt --init-sha256 2bf90930f8e8910c8f32e72deb479d09edda20203235123a743adfd9863cc1cf --batch-size 1 --grad-accum 32 --continue-tokens 200000000 --log-every 50 --eval-every 500 --rank 96 --stage1-frac 0.15 --backbone-lr 1e-5
localreader_s1	lux-2-node-16	3	2513700	2026-08-17T21:34:38Z	2026-08-17T22:13:50Z	2352	0	DONE(rc=0) nll=3.6761	/work/mingze/Posthoc_differential_memory_diffsplit/out_cpt_20260817/localreader_s1.json	/work/mingze/Posthoc_differential_memory_diffsplit/out_cpt_20260817/logs/localreader_s1.log	CUDA_VISIBLE_DEVICES=3 /work/mingze/miniconda3/envs/deltamem/bin/python /work/mingze/Posthoc_differential_memory_diffsplit/scripts/cpt_train.py --tag localreader_s1 --data-dir /work/mingze/Posthoc_differential_memory_diffsplit/out_cpt_20260817 --out-dir /work/mingze/Posthoc_differential_memory_diffsplit/out_cpt_20260817 --arm localreader --seed 1 --init-from /work/mingze/Posthoc_differential_memory_diffsplit/out_cpt_20260817/van_s1_T0.pt --init-sha256 2bf90930f8e8910c8f32e72deb479d09edda20203235123a743adfd9863cc1cf --batch-size 1 --grad-accum 32 --continue-tokens 200000000 --log-every 50 --eval-every 500 --read-dim 64 --window 256
vanilla_continue_s2	lux-2-node-16	3	2984240	2026-08-17T22:13:50Z				RUNNING	/work/mingze/Posthoc_differential_memory_diffsplit/out_cpt_20260817/vanilla_continue_s2.json	/work/mingze/Posthoc_differential_memory_diffsplit/out_cpt_20260817/logs/vanilla_continue_s2.log	CUDA_VISIBLE_DEVICES=3 /work/mingze/miniconda3/envs/deltamem/bin/python /work/mingze/Posthoc_differential_memory_diffsplit/scripts/cpt_train.py --tag vanilla_continue_s2 --data-dir /work/mingze/Posthoc_differential_memory_diffsplit/out_cpt_20260817 --out-dir /work/mingze/Posthoc_differential_memory_diffsplit/out_cpt_20260817 --arm vanilla_continue --seed 2 --init-from /work/mingze/Posthoc_differential_memory_diffsplit/out_cpt_20260817/van_s2_T0.pt --init-sha256 c6bab0102a8326b1b0e0d0b3f1a21af8678e15ee535be984ce0f6d7e153d7d04 --batch-size 1 --grad-accum 32 --continue-tokens 200000000 --log-every 50 --eval-every 500
lowrank_unfreeze_s1	lux-2-node-16	2	2524391	2026-08-17T21:41:18Z	2026-08-17T22:16:50Z	2132	0	DONE(rc=0) nll=3.6674	/work/mingze/Posthoc_differential_memory_diffsplit/out_cpt_20260817/lowrank_unfreeze_s1.json	/work/mingze/Posthoc_differential_memory_diffsplit/out_cpt_20260817/logs/lowrank_unfreeze_s1.log	CUDA_VISIBLE_DEVICES=2 /work/mingze/miniconda3/envs/deltamem/bin/python /work/mingze/Posthoc_differential_memory_diffsplit/scripts/cpt_train.py --tag lowrank_unfreeze_s1 --data-dir /work/mingze/Posthoc_differential_memory_diffsplit/out_cpt_20260817 --out-dir /work/mingze/Posthoc_differential_memory_diffsplit/out_cpt_20260817 --arm lowrank_unfreeze --seed 1 --init-from /work/mingze/Posthoc_differential_memory_diffsplit/out_cpt_20260817/van_s1_T0.pt --init-sha256 2bf90930f8e8910c8f32e72deb479d09edda20203235123a743adfd9863cc1cf --batch-size 1 --grad-accum 32 --continue-tokens 200000000 --log-every 50 --eval-every 500 --rank 96 --stage1-frac 0.15 --backbone-lr 1e-5
lowrank_s2	lux-2-node-16	2	2989292	2026-08-17T22:16:50Z				RUNNING	/work/mingze/Posthoc_differential_memory_diffsplit/out_cpt_20260817/lowrank_s2.json	/work/mingze/Posthoc_differential_memory_diffsplit/out_cpt_20260817/logs/lowrank_s2.log	CUDA_VISIBLE_DEVICES=2 /work/mingze/miniconda3/envs/deltamem/bin/python /work/mingze/Posthoc_differential_memory_diffsplit/scripts/cpt_train.py --tag lowrank_s2 --data-dir /work/mingze/Posthoc_differential_memory_diffsplit/out_cpt_20260817 --out-dir /work/mingze/Posthoc_differential_memory_diffsplit/out_cpt_20260817 --arm lowrank --seed 2 --init-from /work/mingze/Posthoc_differential_memory_diffsplit/out_cpt_20260817/van_s2_T0.pt --init-sha256 c6bab0102a8326b1b0e0d0b3f1a21af8678e15ee535be984ce0f6d7e153d7d04 --batch-size 1 --grad-accum 32 --continue-tokens 200000000 --log-every 50 --eval-every 500 --rank 96
vanilla_continue_s2	lux-2-node-16	3	2984240	2026-08-17T22:13:50Z	2026-08-17T22:50:12Z	2182	0	DONE(rc=0) nll=3.6041	/work/mingze/Posthoc_differential_memory_diffsplit/out_cpt_20260817/vanilla_continue_s2.json	/work/mingze/Posthoc_differential_memory_diffsplit/out_cpt_20260817/logs/vanilla_continue_s2.log	CUDA_VISIBLE_DEVICES=3 /work/mingze/miniconda3/envs/deltamem/bin/python /work/mingze/Posthoc_differential_memory_diffsplit/scripts/cpt_train.py --tag vanilla_continue_s2 --data-dir /work/mingze/Posthoc_differential_memory_diffsplit/out_cpt_20260817 --out-dir /work/mingze/Posthoc_differential_memory_diffsplit/out_cpt_20260817 --arm vanilla_continue --seed 2 --init-from /work/mingze/Posthoc_differential_memory_diffsplit/out_cpt_20260817/van_s2_T0.pt --init-sha256 c6bab0102a8326b1b0e0d0b3f1a21af8678e15ee535be984ce0f6d7e153d7d04 --batch-size 1 --grad-accum 32 --continue-tokens 200000000 --log-every 50 --eval-every 500
additive_s2	lux-2-node-16	3	3446811	2026-08-17T22:50:12Z				RUNNING	/work/mingze/Posthoc_differential_memory_diffsplit/out_cpt_20260817/additive_s2.json	/work/mingze/Posthoc_differential_memory_diffsplit/out_cpt_20260817/logs/additive_s2.log	CUDA_VISIBLE_DEVICES=3 /work/mingze/miniconda3/envs/deltamem/bin/python /work/mingze/Posthoc_differential_memory_diffsplit/scripts/cpt_train.py --tag additive_s2 --data-dir /work/mingze/Posthoc_differential_memory_diffsplit/out_cpt_20260817 --out-dir /work/mingze/Posthoc_differential_memory_diffsplit/out_cpt_20260817 --arm additive --seed 2 --init-from /work/mingze/Posthoc_differential_memory_diffsplit/out_cpt_20260817/van_s2_T0.pt --init-sha256 c6bab0102a8326b1b0e0d0b3f1a21af8678e15ee535be984ce0f6d7e153d7d04 --batch-size 1 --grad-accum 32 --continue-tokens 200000000 --log-every 50 --eval-every 500 --read-dim 64 --window 256
lowrank_s2	lux-2-node-16	2	2989292	2026-08-17T22:16:50Z	2026-08-17T22:51:22Z	2072	0	DONE(rc=0) nll=3.6700	/work/mingze/Posthoc_differential_memory_diffsplit/out_cpt_20260817/lowrank_s2.json	/work/mingze/Posthoc_differential_memory_diffsplit/out_cpt_20260817/logs/lowrank_s2.log	CUDA_VISIBLE_DEVICES=2 /work/mingze/miniconda3/envs/deltamem/bin/python /work/mingze/Posthoc_differential_memory_diffsplit/scripts/cpt_train.py --tag lowrank_s2 --data-dir /work/mingze/Posthoc_differential_memory_diffsplit/out_cpt_20260817 --out-dir /work/mingze/Posthoc_differential_memory_diffsplit/out_cpt_20260817 --arm lowrank --seed 2 --init-from /work/mingze/Posthoc_differential_memory_diffsplit/out_cpt_20260817/van_s2_T0.pt --init-sha256 c6bab0102a8326b1b0e0d0b3f1a21af8678e15ee535be984ce0f6d7e153d7d04 --batch-size 1 --grad-accum 32 --continue-tokens 200000000 --log-every 50 --eval-every 500 --rank 96
localreader_s2	lux-2-node-16	2	3449438	2026-08-17T22:51:22Z				RUNNING	/work/mingze/Posthoc_differential_memory_diffsplit/out_cpt_20260817/localreader_s2.json	/work/mingze/Posthoc_differential_memory_diffsplit/out_cpt_20260817/logs/localreader_s2.log	CUDA_VISIBLE_DEVICES=2 /work/mingze/miniconda3/envs/deltamem/bin/python /work/mingze/Posthoc_differential_memory_diffsplit/scripts/cpt_train.py --tag localreader_s2 --data-dir /work/mingze/Posthoc_differential_memory_diffsplit/out_cpt_20260817 --out-dir /work/mingze/Posthoc_differential_memory_diffsplit/out_cpt_20260817 --arm localreader --seed 2 --init-from /work/mingze/Posthoc_differential_memory_diffsplit/out_cpt_20260817/van_s2_T0.pt --init-sha256 c6bab0102a8326b1b0e0d0b3f1a21af8678e15ee535be984ce0f6d7e153d7d04 --batch-size 1 --grad-accum 32 --continue-tokens 200000000 --log-every 50 --eval-every 500 --read-dim 64 --window 256
additive_s2	lux-2-node-16	3	3446811	2026-08-17T22:50:12Z	2026-08-17T23:27:34Z	2242	0	DONE(rc=0) nll=3.6698	/work/mingze/Posthoc_differential_memory_diffsplit/out_cpt_20260817/additive_s2.json	/work/mingze/Posthoc_differential_memory_diffsplit/out_cpt_20260817/logs/additive_s2.log	CUDA_VISIBLE_DEVICES=3 /work/mingze/miniconda3/envs/deltamem/bin/python /work/mingze/Posthoc_differential_memory_diffsplit/scripts/cpt_train.py --tag additive_s2 --data-dir /work/mingze/Posthoc_differential_memory_diffsplit/out_cpt_20260817 --out-dir /work/mingze/Posthoc_differential_memory_diffsplit/out_cpt_20260817 --arm additive --seed 2 --init-from /work/mingze/Posthoc_differential_memory_diffsplit/out_cpt_20260817/van_s2_T0.pt --init-sha256 c6bab0102a8326b1b0e0d0b3f1a21af8678e15ee535be984ce0f6d7e153d7d04 --batch-size 1 --grad-accum 32 --continue-tokens 200000000 --log-every 50 --eval-every 500 --read-dim 64 --window 256
lowrank_unfreeze_s2	lux-2-node-16	3	3680408	2026-08-17T23:27:34Z				RUNNING	/work/mingze/Posthoc_differential_memory_diffsplit/out_cpt_20260817/lowrank_unfreeze_s2.json	/work/mingze/Posthoc_differential_memory_diffsplit/out_cpt_20260817/logs/lowrank_unfreeze_s2.log	CUDA_VISIBLE_DEVICES=3 /work/mingze/miniconda3/envs/deltamem/bin/python /work/mingze/Posthoc_differential_memory_diffsplit/scripts/cpt_train.py --tag lowrank_unfreeze_s2 --data-dir /work/mingze/Posthoc_differential_memory_diffsplit/out_cpt_20260817 --out-dir /work/mingze/Posthoc_differential_memory_diffsplit/out_cpt_20260817 --arm lowrank_unfreeze --seed 2 --init-from /work/mingze/Posthoc_differential_memory_diffsplit/out_cpt_20260817/van_s2_T0.pt --init-sha256 c6bab0102a8326b1b0e0d0b3f1a21af8678e15ee535be984ce0f6d7e153d7d04 --batch-size 1 --grad-accum 32 --continue-tokens 200000000 --log-every 50 --eval-every 500 --rank 96 --stage1-frac 0.15 --backbone-lr 1e-5
localreader_s2	lux-2-node-16	2	3449438	2026-08-17T22:51:22Z	2026-08-17T23:30:24Z	2342	0	DONE(rc=0) nll=3.6738	/work/mingze/Posthoc_differential_memory_diffsplit/out_cpt_20260817/localreader_s2.json	/work/mingze/Posthoc_differential_memory_diffsplit/out_cpt_20260817/logs/localreader_s2.log	CUDA_VISIBLE_DEVICES=2 /work/mingze/miniconda3/envs/deltamem/bin/python /work/mingze/Posthoc_differential_memory_diffsplit/scripts/cpt_train.py --tag localreader_s2 --data-dir /work/mingze/Posthoc_differential_memory_diffsplit/out_cpt_20260817 --out-dir /work/mingze/Posthoc_differential_memory_diffsplit/out_cpt_20260817 --arm localreader --seed 2 --init-from /work/mingze/Posthoc_differential_memory_diffsplit/out_cpt_20260817/van_s2_T0.pt --init-sha256 c6bab0102a8326b1b0e0d0b3f1a21af8678e15ee535be984ce0f6d7e153d7d04 --batch-size 1 --grad-accum 32 --continue-tokens 200000000 --log-every 50 --eval-every 500 --read-dim 64 --window 256
lowrank_unfreeze_s2	lux-2-node-16	3	3680408	2026-08-17T23:27:34Z	2026-08-18T00:03:16Z	2142	0	DONE(rc=0) nll=3.6655	/work/mingze/Posthoc_differential_memory_diffsplit/out_cpt_20260817/lowrank_unfreeze_s2.json	/work/mingze/Posthoc_differential_memory_diffsplit/out_cpt_20260817/logs/lowrank_unfreeze_s2.log	CUDA_VISIBLE_DEVICES=3 /work/mingze/miniconda3/envs/deltamem/bin/python /work/mingze/Posthoc_differential_memory_diffsplit/scripts/cpt_train.py --tag lowrank_unfreeze_s2 --data-dir /work/mingze/Posthoc_differential_memory_diffsplit/out_cpt_20260817 --out-dir /work/mingze/Posthoc_differential_memory_diffsplit/out_cpt_20260817 --arm lowrank_unfreeze --seed 2 --init-from /work/mingze/Posthoc_differential_memory_diffsplit/out_cpt_20260817/van_s2_T0.pt --init-sha256 c6bab0102a8326b1b0e0d0b3f1a21af8678e15ee535be984ce0f6d7e153d7d04 --batch-size 1 --grad-accum 32 --continue-tokens 200000000 --log-every 50 --eval-every 500 --rank 96 --stage1-frac 0.15 --backbone-lr 1e-5
additive_4b	lux-2-node-16	1	3698714	2026-08-18T00:08:07Z				RUNNING	/work/mingze/Posthoc_differential_memory_diffsplit/out_cpt_20260817/additive_4b.json	/work/mingze/Posthoc_differential_memory_diffsplit/out_cpt_20260817/logs/additive_4b.log	/work/mingze/miniconda3/envs/deltamem/bin/python /work/mingze/Posthoc_differential_memory_diffsplit/scripts/cpt_train.py --tag additive_4b --data-dir /work/mingze/Posthoc_differential_memory_diffsplit/out_cpt_20260817 --out-dir /work/mingze/Posthoc_differential_memory_diffsplit/out_cpt_20260817 --arm additive --read-dim 128 --window 256 --pretrained-model /work/mingze/models/Qwen3-4B-Instruct-2507 --split-layers 0,3,6,9,12,15,18,21,24,27,30,33 --batch-size 1 --grad-accum 8 --continue-tokens 50000000 --split-lr 5e-4 --log-every 100 --eval-every 500 --final-eval-batches 64 --grad-checkpointing 1 --seed 0
lowrank_unfr_4b	lux-2-node-16	3	3698715	2026-08-18T00:08:07Z				RUNNING	/work/mingze/Posthoc_differential_memory_diffsplit/out_cpt_20260817/lowrank_unfr_4b.json	/work/mingze/Posthoc_differential_memory_diffsplit/out_cpt_20260817/logs/lowrank_unfr_4b.log	/work/mingze/miniconda3/envs/deltamem/bin/python /work/mingze/Posthoc_differential_memory_diffsplit/scripts/cpt_train.py --tag lowrank_unfr_4b --data-dir /work/mingze/Posthoc_differential_memory_diffsplit/out_cpt_20260817 --out-dir /work/mingze/Posthoc_differential_memory_diffsplit/out_cpt_20260817 --arm lowrank_unfreeze --rank 177 --stage1-frac 0.15 --backbone-lr 1e-5 --pretrained-model /work/mingze/models/Qwen3-4B-Instruct-2507 --split-layers 0,3,6,9,12,15,18,21,24,27,30,33 --batch-size 1 --grad-accum 8 --continue-tokens 50000000 --split-lr 5e-4 --log-every 100 --eval-every 500 --final-eval-batches 64 --grad-checkpointing 1 --seed 0
localreader_4b	lux-2-node-16	2	3698718	2026-08-18T00:08:07Z				RUNNING	/work/mingze/Posthoc_differential_memory_diffsplit/out_cpt_20260817/localreader_4b.json	/work/mingze/Posthoc_differential_memory_diffsplit/out_cpt_20260817/logs/localreader_4b.log	/work/mingze/miniconda3/envs/deltamem/bin/python /work/mingze/Posthoc_differential_memory_diffsplit/scripts/cpt_train.py --tag localreader_4b --data-dir /work/mingze/Posthoc_differential_memory_diffsplit/out_cpt_20260817 --out-dir /work/mingze/Posthoc_differential_memory_diffsplit/out_cpt_20260817 --arm localreader --read-dim 128 --window 256 --pretrained-model /work/mingze/models/Qwen3-4B-Instruct-2507 --split-layers 0,3,6,9,12,15,18,21,24,27,30,33 --batch-size 1 --grad-accum 8 --continue-tokens 50000000 --split-lr 5e-4 --log-every 100 --eval-every 500 --final-eval-batches 64 --grad-checkpointing 1 --seed 0
lowrank_4b	lux-2-node-16	0	3698719	2026-08-18T00:08:07Z				RUNNING	/work/mingze/Posthoc_differential_memory_diffsplit/out_cpt_20260817/lowrank_4b.json	/work/mingze/Posthoc_differential_memory_diffsplit/out_cpt_20260817/logs/lowrank_4b.log	/work/mingze/miniconda3/envs/deltamem/bin/python /work/mingze/Posthoc_differential_memory_diffsplit/scripts/cpt_train.py --tag lowrank_4b --data-dir /work/mingze/Posthoc_differential_memory_diffsplit/out_cpt_20260817 --out-dir /work/mingze/Posthoc_differential_memory_diffsplit/out_cpt_20260817 --arm lowrank --rank 177 --pretrained-model /work/mingze/models/Qwen3-4B-Instruct-2507 --split-layers 0,3,6,9,12,15,18,21,24,27,30,33 --batch-size 1 --grad-accum 8 --continue-tokens 50000000 --split-lr 5e-4 --log-every 100 --eval-every 500 --final-eval-batches 64 --grad-checkpointing 1 --seed 0
layout_last4_s0	lux-2-node-16	5	3701602	2026-08-18T00:10:54Z				RUNNING	/work/mingze/Posthoc_differential_memory_diffsplit/out_cpt_20260817/layout_last4_s0.json	/work/mingze/Posthoc_differential_memory_diffsplit/out_cpt_20260817/logs/layout_last4_s0.log	/work/mingze/miniconda3/envs/deltamem/bin/python /work/mingze/Posthoc_differential_memory_diffsplit/scripts/cpt_train.py --tag layout_last4_s0 --data-dir /work/mingze/Posthoc_differential_memory_diffsplit/out_cpt_20260817 --out-dir /work/mingze/Posthoc_differential_memory_diffsplit/out_cpt_20260817 --arm lowrank --seed 0 --init-from /work/mingze/Posthoc_differential_memory_diffsplit/out_cpt_20260817/van_s0_T0.pt --init-sha256 7cce788e0caf1337e5ec9f9484e225d3675cb35e467f1fe84d9ef241f1de6c1a --batch-size 1 --grad-accum 32 --continue-tokens 200000000 --rank 192 --log-every 50 --eval-every 500 --split-layers 4,5,6,7
layout_evidence4_s0	lux-2-node-16	4	3701603	2026-08-18T00:10:54Z				RUNNING	/work/mingze/Posthoc_differential_memory_diffsplit/out_cpt_20260817/layout_evidence4_s0.json	/work/mingze/Posthoc_differential_memory_diffsplit/out_cpt_20260817/logs/layout_evidence4_s0.log	/work/mingze/miniconda3/envs/deltamem/bin/python /work/mingze/Posthoc_differential_memory_diffsplit/scripts/cpt_train.py --tag layout_evidence4_s0 --data-dir /work/mingze/Posthoc_differential_memory_diffsplit/out_cpt_20260817 --out-dir /work/mingze/Posthoc_differential_memory_diffsplit/out_cpt_20260817 --arm lowrank --seed 0 --init-from /work/mingze/Posthoc_differential_memory_diffsplit/out_cpt_20260817/van_s0_T0.pt --init-sha256 7cce788e0caf1337e5ec9f9484e225d3675cb35e467f1fe84d9ef241f1de6c1a --batch-size 1 --grad-accum 32 --continue-tokens 200000000 --rank 192 --log-every 50 --eval-every 500 --split-layers 0,2,4,6
layout_first4_s0	lux-2-node-16	7	3701604	2026-08-18T00:10:54Z				RUNNING	/work/mingze/Posthoc_differential_memory_diffsplit/out_cpt_20260817/layout_first4_s0.json	/work/mingze/Posthoc_differential_memory_diffsplit/out_cpt_20260817/logs/layout_first4_s0.log	/work/mingze/miniconda3/envs/deltamem/bin/python /work/mingze/Posthoc_differential_memory_diffsplit/scripts/cpt_train.py --tag layout_first4_s0 --data-dir /work/mingze/Posthoc_differential_memory_diffsplit/out_cpt_20260817 --out-dir /work/mingze/Posthoc_differential_memory_diffsplit/out_cpt_20260817 --arm lowrank --seed 0 --init-from /work/mingze/Posthoc_differential_memory_diffsplit/out_cpt_20260817/van_s0_T0.pt --init-sha256 7cce788e0caf1337e5ec9f9484e225d3675cb35e467f1fe84d9ef241f1de6c1a --batch-size 1 --grad-accum 32 --continue-tokens 200000000 --rank 192 --log-every 50 --eval-every 500 --split-layers 0,1,2,3
layout_midlate4_s0	lux-2-node-16	6	3701606	2026-08-18T00:10:54Z				RUNNING	/work/mingze/Posthoc_differential_memory_diffsplit/out_cpt_20260817/layout_midlate4_s0.json	/work/mingze/Posthoc_differential_memory_diffsplit/out_cpt_20260817/logs/layout_midlate4_s0.log	/work/mingze/miniconda3/envs/deltamem/bin/python /work/mingze/Posthoc_differential_memory_diffsplit/scripts/cpt_train.py --tag layout_midlate4_s0 --data-dir /work/mingze/Posthoc_differential_memory_diffsplit/out_cpt_20260817 --out-dir /work/mingze/Posthoc_differential_memory_diffsplit/out_cpt_20260817 --arm lowrank --seed 0 --init-from /work/mingze/Posthoc_differential_memory_diffsplit/out_cpt_20260817/van_s0_T0.pt --init-sha256 7cce788e0caf1337e5ec9f9484e225d3675cb35e467f1fe84d9ef241f1de6c1a --batch-size 1 --grad-accum 32 --continue-tokens 200000000 --rank 192 --log-every 50 --eval-every 500 --split-layers 2,3,4,5
layout_last4_s0	lux-2-node-16	5	3701602	2026-08-18T00:10:54Z	2026-08-18T00:39:19Z	1705	0	DONE(rc=0) nll=3.6809	/work/mingze/Posthoc_differential_memory_diffsplit/out_cpt_20260817/layout_last4_s0.json	/work/mingze/Posthoc_differential_memory_diffsplit/out_cpt_20260817/logs/layout_last4_s0.log	/work/mingze/miniconda3/envs/deltamem/bin/python /work/mingze/Posthoc_differential_memory_diffsplit/scripts/cpt_train.py --tag layout_last4_s0 --data-dir /work/mingze/Posthoc_differential_memory_diffsplit/out_cpt_20260817 --out-dir /work/mingze/Posthoc_differential_memory_diffsplit/out_cpt_20260817 --arm lowrank --seed 0 --init-from /work/mingze/Posthoc_differential_memory_diffsplit/out_cpt_20260817/van_s0_T0.pt --init-sha256 7cce788e0caf1337e5ec9f9484e225d3675cb35e467f1fe84d9ef241f1de6c1a --batch-size 1 --grad-accum 32 --continue-tokens 200000000 --rank 192 --log-every 50 --eval-every 500 --split-layers 4,5,6,7
layout_midlate4_s0	lux-2-node-16	6	3701606	2026-08-18T00:10:54Z	2026-08-18T00:40:46Z	1792	0	DONE(rc=0) nll=3.6801	/work/mingze/Posthoc_differential_memory_diffsplit/out_cpt_20260817/layout_midlate4_s0.json	/work/mingze/Posthoc_differential_memory_diffsplit/out_cpt_20260817/logs/layout_midlate4_s0.log	/work/mingze/miniconda3/envs/deltamem/bin/python /work/mingze/Posthoc_differential_memory_diffsplit/scripts/cpt_train.py --tag layout_midlate4_s0 --data-dir /work/mingze/Posthoc_differential_memory_diffsplit/out_cpt_20260817 --out-dir /work/mingze/Posthoc_differential_memory_diffsplit/out_cpt_20260817 --arm lowrank --seed 0 --init-from /work/mingze/Posthoc_differential_memory_diffsplit/out_cpt_20260817/van_s0_T0.pt --init-sha256 7cce788e0caf1337e5ec9f9484e225d3675cb35e467f1fe84d9ef241f1de6c1a --batch-size 1 --grad-accum 32 --continue-tokens 200000000 --rank 192 --log-every 50 --eval-every 500 --split-layers 2,3,4,5
layout_evidence4_s0	lux-2-node-16	4	3701603	2026-08-18T00:10:54Z	2026-08-18T00:42:39Z	1905	0	DONE(rc=0) nll=3.6802	/work/mingze/Posthoc_differential_memory_diffsplit/out_cpt_20260817/layout_evidence4_s0.json	/work/mingze/Posthoc_differential_memory_diffsplit/out_cpt_20260817/logs/layout_evidence4_s0.log	/work/mingze/miniconda3/envs/deltamem/bin/python /work/mingze/Posthoc_differential_memory_diffsplit/scripts/cpt_train.py --tag layout_evidence4_s0 --data-dir /work/mingze/Posthoc_differential_memory_diffsplit/out_cpt_20260817 --out-dir /work/mingze/Posthoc_differential_memory_diffsplit/out_cpt_20260817 --arm lowrank --seed 0 --init-from /work/mingze/Posthoc_differential_memory_diffsplit/out_cpt_20260817/van_s0_T0.pt --init-sha256 7cce788e0caf1337e5ec9f9484e225d3675cb35e467f1fe84d9ef241f1de6c1a --batch-size 1 --grad-accum 32 --continue-tokens 200000000 --rank 192 --log-every 50 --eval-every 500 --split-layers 0,2,4,6
layout_first4_s0	lux-2-node-16	7	3701604	2026-08-18T00:10:54Z	2026-08-18T00:42:40Z	1906	0	DONE(rc=0) nll=3.6806	/work/mingze/Posthoc_differential_memory_diffsplit/out_cpt_20260817/layout_first4_s0.json	/work/mingze/Posthoc_differential_memory_diffsplit/out_cpt_20260817/logs/layout_first4_s0.log	/work/mingze/miniconda3/envs/deltamem/bin/python /work/mingze/Posthoc_differential_memory_diffsplit/scripts/cpt_train.py --tag layout_first4_s0 --data-dir /work/mingze/Posthoc_differential_memory_diffsplit/out_cpt_20260817 --out-dir /work/mingze/Posthoc_differential_memory_diffsplit/out_cpt_20260817 --arm lowrank --seed 0 --init-from /work/mingze/Posthoc_differential_memory_diffsplit/out_cpt_20260817/van_s0_T0.pt --init-sha256 7cce788e0caf1337e5ec9f9484e225d3675cb35e467f1fe84d9ef241f1de6c1a --batch-size 1 --grad-accum 32 --continue-tokens 200000000 --rank 192 --log-every 50 --eval-every 500 --split-layers 0,1,2,3
postnorm_s0	lux-2-node-16	4	3724206	2026-08-18T00:43:28Z				RUNNING	/work/mingze/Posthoc_differential_memory_diffsplit/out_cpt_20260817/postnorm_s0.json	/work/mingze/Posthoc_differential_memory_diffsplit/out_cpt_20260817/logs/postnorm_s0.log	/work/mingze/miniconda3/envs/deltamem/bin/python /work/mingze/Posthoc_differential_memory_diffsplit/scripts/cpt_train.py --tag postnorm_s0 --data-dir /work/mingze/Posthoc_differential_memory_diffsplit/out_cpt_20260817 --out-dir /work/mingze/Posthoc_differential_memory_diffsplit/out_cpt_20260817 --arm lowrank --seed 0 --init-from /work/mingze/Posthoc_differential_memory_diffsplit/out_cpt_20260817/van_s0_T0.pt --init-sha256 7cce788e0caf1337e5ec9f9484e225d3675cb35e467f1fe84d9ef241f1de6c1a --rank 96 --delta-pre-norm 0 --batch-size 1 --grad-accum 32 --continue-tokens 200000000 --log-every 50 --eval-every 500
postnorm_s1	lux-2-node-16	5	3724208	2026-08-18T00:43:28Z				RUNNING	/work/mingze/Posthoc_differential_memory_diffsplit/out_cpt_20260817/postnorm_s1.json	/work/mingze/Posthoc_differential_memory_diffsplit/out_cpt_20260817/logs/postnorm_s1.log	/work/mingze/miniconda3/envs/deltamem/bin/python /work/mingze/Posthoc_differential_memory_diffsplit/scripts/cpt_train.py --tag postnorm_s1 --data-dir /work/mingze/Posthoc_differential_memory_diffsplit/out_cpt_20260817 --out-dir /work/mingze/Posthoc_differential_memory_diffsplit/out_cpt_20260817 --arm lowrank --seed 1 --init-from /work/mingze/Posthoc_differential_memory_diffsplit/out_cpt_20260817/van_s1_T0.pt --init-sha256 2bf90930f8e8910c8f32e72deb479d09edda20203235123a743adfd9863cc1cf --rank 96 --delta-pre-norm 0 --batch-size 1 --grad-accum 32 --continue-tokens 200000000 --log-every 50 --eval-every 500
postnorm_s2	lux-2-node-16	6	3724210	2026-08-18T00:43:28Z				RUNNING	/work/mingze/Posthoc_differential_memory_diffsplit/out_cpt_20260817/postnorm_s2.json	/work/mingze/Posthoc_differential_memory_diffsplit/out_cpt_20260817/logs/postnorm_s2.log	/work/mingze/miniconda3/envs/deltamem/bin/python /work/mingze/Posthoc_differential_memory_diffsplit/scripts/cpt_train.py --tag postnorm_s2 --data-dir /work/mingze/Posthoc_differential_memory_diffsplit/out_cpt_20260817 --out-dir /work/mingze/Posthoc_differential_memory_diffsplit/out_cpt_20260817 --arm lowrank --seed 2 --init-from /work/mingze/Posthoc_differential_memory_diffsplit/out_cpt_20260817/van_s2_T0.pt --init-sha256 c6bab0102a8326b1b0e0d0b3f1a21af8678e15ee535be984ce0f6d7e153d7d04 --rank 96 --delta-pre-norm 0 --batch-size 1 --grad-accum 32 --continue-tokens 200000000 --log-every 50 --eval-every 500
lowrank_r192_s0	lux-2-node-16	7	3724211	2026-08-18T00:43:28Z				RUNNING	/work/mingze/Posthoc_differential_memory_diffsplit/out_cpt_20260817/lowrank_r192_s0.json	/work/mingze/Posthoc_differential_memory_diffsplit/out_cpt_20260817/logs/lowrank_r192_s0.log	/work/mingze/miniconda3/envs/deltamem/bin/python /work/mingze/Posthoc_differential_memory_diffsplit/scripts/cpt_train.py --tag lowrank_r192_s0 --data-dir /work/mingze/Posthoc_differential_memory_diffsplit/out_cpt_20260817 --out-dir /work/mingze/Posthoc_differential_memory_diffsplit/out_cpt_20260817 --arm lowrank --seed 0 --init-from /work/mingze/Posthoc_differential_memory_diffsplit/out_cpt_20260817/van_s0_T0.pt --init-sha256 7cce788e0caf1337e5ec9f9484e225d3675cb35e467f1fe84d9ef241f1de6c1a --rank 192 --batch-size 1 --grad-accum 32 --continue-tokens 200000000 --log-every 50 --eval-every 500
postnorm_s0	lux-2-node-16	4	3724206	2026-08-18T00:43:28Z	2026-08-18T01:21:49Z	2301	0	DONE(rc=0) nll=3.6786	/work/mingze/Posthoc_differential_memory_diffsplit/out_cpt_20260817/postnorm_s0.json	/work/mingze/Posthoc_differential_memory_diffsplit/out_cpt_20260817/logs/postnorm_s0.log	/work/mingze/miniconda3/envs/deltamem/bin/python /work/mingze/Posthoc_differential_memory_diffsplit/scripts/cpt_train.py --tag postnorm_s0 --data-dir /work/mingze/Posthoc_differential_memory_diffsplit/out_cpt_20260817 --out-dir /work/mingze/Posthoc_differential_memory_diffsplit/out_cpt_20260817 --arm lowrank --seed 0 --init-from /work/mingze/Posthoc_differential_memory_diffsplit/out_cpt_20260817/van_s0_T0.pt --init-sha256 7cce788e0caf1337e5ec9f9484e225d3675cb35e467f1fe84d9ef241f1de6c1a --rank 96 --delta-pre-norm 0 --batch-size 1 --grad-accum 32 --continue-tokens 200000000 --log-every 50 --eval-every 500
postnorm_s1	lux-2-node-16	5	3724208	2026-08-18T00:43:28Z	2026-08-18T01:22:09Z	2321	0	DONE(rc=0) nll=3.6722	/work/mingze/Posthoc_differential_memory_diffsplit/out_cpt_20260817/postnorm_s1.json	/work/mingze/Posthoc_differential_memory_diffsplit/out_cpt_20260817/logs/postnorm_s1.log	/work/mingze/miniconda3/envs/deltamem/bin/python /work/mingze/Posthoc_differential_memory_diffsplit/scripts/cpt_train.py --tag postnorm_s1 --data-dir /work/mingze/Posthoc_differential_memory_diffsplit/out_cpt_20260817 --out-dir /work/mingze/Posthoc_differential_memory_diffsplit/out_cpt_20260817 --arm lowrank --seed 1 --init-from /work/mingze/Posthoc_differential_memory_diffsplit/out_cpt_20260817/van_s1_T0.pt --init-sha256 2bf90930f8e8910c8f32e72deb479d09edda20203235123a743adfd9863cc1cf --rank 96 --delta-pre-norm 0 --batch-size 1 --grad-accum 32 --continue-tokens 200000000 --log-every 50 --eval-every 500
additive_4b	lux-2-node-16	1	3698714	2026-08-18T00:08:07Z	2026-08-18T01:35:01Z	5214	0	DONE(rc=0) nll=2.8079	/work/mingze/Posthoc_differential_memory_diffsplit/out_cpt_20260817/additive_4b.json	/work/mingze/Posthoc_differential_memory_diffsplit/out_cpt_20260817/logs/additive_4b.log	/work/mingze/miniconda3/envs/deltamem/bin/python /work/mingze/Posthoc_differential_memory_diffsplit/scripts/cpt_train.py --tag additive_4b --data-dir /work/mingze/Posthoc_differential_memory_diffsplit/out_cpt_20260817 --out-dir /work/mingze/Posthoc_differential_memory_diffsplit/out_cpt_20260817 --arm additive --read-dim 128 --window 256 --pretrained-model /work/mingze/models/Qwen3-4B-Instruct-2507 --split-layers 0,3,6,9,12,15,18,21,24,27,30,33 --batch-size 1 --grad-accum 8 --continue-tokens 50000000 --split-lr 5e-4 --log-every 100 --eval-every 500 --final-eval-batches 64 --grad-checkpointing 1 --seed 0
postnorm_s2	lux-2-node-16	6	3724210	2026-08-18T00:43:28Z	2026-08-18T01:41:45Z	3497	0	DONE(rc=0) nll=3.6703	/work/mingze/Posthoc_differential_memory_diffsplit/out_cpt_20260817/postnorm_s2.json	/work/mingze/Posthoc_differential_memory_diffsplit/out_cpt_20260817/logs/postnorm_s2.log	/work/mingze/miniconda3/envs/deltamem/bin/python /work/mingze/Posthoc_differential_memory_diffsplit/scripts/cpt_train.py --tag postnorm_s2 --data-dir /work/mingze/Posthoc_differential_memory_diffsplit/out_cpt_20260817 --out-dir /work/mingze/Posthoc_differential_memory_diffsplit/out_cpt_20260817 --arm lowrank --seed 2 --init-from /work/mingze/Posthoc_differential_memory_diffsplit/out_cpt_20260817/van_s2_T0.pt --init-sha256 c6bab0102a8326b1b0e0d0b3f1a21af8678e15ee535be984ce0f6d7e153d7d04 --rank 96 --delta-pre-norm 0 --batch-size 1 --grad-accum 32 --continue-tokens 200000000 --log-every 50 --eval-every 500
lowrank_r192_s0	lux-2-node-16	7	3724211	2026-08-18T00:43:28Z	2026-08-18T01:42:26Z	3538	0	DONE(rc=0) nll=3.6776	/work/mingze/Posthoc_differential_memory_diffsplit/out_cpt_20260817/lowrank_r192_s0.json	/work/mingze/Posthoc_differential_memory_diffsplit/out_cpt_20260817/logs/lowrank_r192_s0.log	/work/mingze/miniconda3/envs/deltamem/bin/python /work/mingze/Posthoc_differential_memory_diffsplit/scripts/cpt_train.py --tag lowrank_r192_s0 --data-dir /work/mingze/Posthoc_differential_memory_diffsplit/out_cpt_20260817 --out-dir /work/mingze/Posthoc_differential_memory_diffsplit/out_cpt_20260817 --arm lowrank --seed 0 --init-from /work/mingze/Posthoc_differential_memory_diffsplit/out_cpt_20260817/van_s0_T0.pt --init-sha256 7cce788e0caf1337e5ec9f9484e225d3675cb35e467f1fe84d9ef241f1de6c1a --rank 192 --batch-size 1 --grad-accum 32 --continue-tokens 200000000 --log-every 50 --eval-every 500
localreader_4b	lux-2-node-16	2	3698718	2026-08-18T00:08:07Z	2026-08-18T01:45:11Z	5824	0	DONE(rc=0) nll=2.8502	/work/mingze/Posthoc_differential_memory_diffsplit/out_cpt_20260817/localreader_4b.json	/work/mingze/Posthoc_differential_memory_diffsplit/out_cpt_20260817/logs/localreader_4b.log	/work/mingze/miniconda3/envs/deltamem/bin/python /work/mingze/Posthoc_differential_memory_diffsplit/scripts/cpt_train.py --tag localreader_4b --data-dir /work/mingze/Posthoc_differential_memory_diffsplit/out_cpt_20260817 --out-dir /work/mingze/Posthoc_differential_memory_diffsplit/out_cpt_20260817 --arm localreader --read-dim 128 --window 256 --pretrained-model /work/mingze/models/Qwen3-4B-Instruct-2507 --split-layers 0,3,6,9,12,15,18,21,24,27,30,33 --batch-size 1 --grad-accum 8 --continue-tokens 50000000 --split-lr 5e-4 --log-every 100 --eval-every 500 --final-eval-batches 64 --grad-checkpointing 1 --seed 0
lowrank_4b	lux-2-node-16	0	3698719	2026-08-18T00:08:07Z	2026-08-18T01:45:26Z	5839	0	DONE(rc=0) nll=2.8196	/work/mingze/Posthoc_differential_memory_diffsplit/out_cpt_20260817/lowrank_4b.json	/work/mingze/Posthoc_differential_memory_diffsplit/out_cpt_20260817/logs/lowrank_4b.log	/work/mingze/miniconda3/envs/deltamem/bin/python /work/mingze/Posthoc_differential_memory_diffsplit/scripts/cpt_train.py --tag lowrank_4b --data-dir /work/mingze/Posthoc_differential_memory_diffsplit/out_cpt_20260817 --out-dir /work/mingze/Posthoc_differential_memory_diffsplit/out_cpt_20260817 --arm lowrank --rank 177 --pretrained-model /work/mingze/models/Qwen3-4B-Instruct-2507 --split-layers 0,3,6,9,12,15,18,21,24,27,30,33 --batch-size 1 --grad-accum 8 --continue-tokens 50000000 --split-lr 5e-4 --log-every 100 --eval-every 500 --final-eval-batches 64 --grad-checkpointing 1 --seed 0
lowrank_unfr_4b	lux-2-node-16	3	3698715	2026-08-18T00:08:07Z	2026-08-18T01:48:28Z	6021	0	DONE(rc=0) nll=2.8117	/work/mingze/Posthoc_differential_memory_diffsplit/out_cpt_20260817/lowrank_unfr_4b.json	/work/mingze/Posthoc_differential_memory_diffsplit/out_cpt_20260817/logs/lowrank_unfr_4b.log	/work/mingze/miniconda3/envs/deltamem/bin/python /work/mingze/Posthoc_differential_memory_diffsplit/scripts/cpt_train.py --tag lowrank_unfr_4b --data-dir /work/mingze/Posthoc_differential_memory_diffsplit/out_cpt_20260817 --out-dir /work/mingze/Posthoc_differential_memory_diffsplit/out_cpt_20260817 --arm lowrank_unfreeze --rank 177 --stage1-frac 0.15 --backbone-lr 1e-5 --pretrained-model /work/mingze/models/Qwen3-4B-Instruct-2507 --split-layers 0,3,6,9,12,15,18,21,24,27,30,33 --batch-size 1 --grad-accum 8 --continue-tokens 50000000 --split-lr 5e-4 --log-every 100 --eval-every 500 --final-eval-batches 64 --grad-checkpointing 1 --seed 0
